{
    "total_return": 2.07,
    "annual_return": 3.5,
    "annual_volatility": 8.06,
    "sharpe_ratio": 0.43,
    "sortino_ratio": 0.5,
    "max_drawdown": -2.27,
    "calmar_ratio": 1.55,
    "win_rate": 0.7272727272727273,
    "avg_daily_win": 0.5,
    "avg_daily_loss": -0.49,
    "profit_factor": 1.5961425127139435,
    "total_trading_days": 150,
    "best_day": 1.35,
    "worst_day": -1.39,
    "skewness": -0.23,
    "kurtosis": 1.33,
    "var_95": -1.07,
    "cvar_95": -1.24,
    "n_trades": 22,
    "n_long_trades": 10,
    "n_short_trades": 12,
    "total_realized_pnl": 20956.026651532226,
    "total_costs": 251.5542315827087,
    "avg_trade_size": 87411.77310033652,
    "n_winners": 16,
    "n_losers": 6,
    "avg_win": 3506.7962276965723,
    "avg_loss": -5858.785498602156,
    "largest_win": 10779.670197772264,
    "largest_loss": -8418.64793627167
}