{
    "total_return": 1.27,
    "annual_return": 0.12,
    "annual_volatility": 1.39,
    "sharpe_ratio": 0.09,
    "sortino_ratio": 0.06,
    "max_drawdown": -1.88,
    "calmar_ratio": 0.06,
    "win_rate": 0.6451612903225806,
    "avg_daily_win": 0.05,
    "avg_daily_loss": -0.05,
    "profit_factor": 1.498698330379511,
    "total_trading_days": 2661,
    "best_day": 1.01,
    "worst_day": -0.98,
    "skewness": 0.73,
    "kurtosis": 70.04,
    "var_95": -0.05,
    "cvar_95": -0.17,
    "n_trades": 31,
    "n_long_trades": 12,
    "n_short_trades": 19,
    "total_realized_pnl": 14471.854890208468,
    "total_costs": 198.03800970148995,
    "avg_trade_size": 51391.064760757945,
    "n_winners": 20,
    "n_losers": 11,
    "avg_win": 2174.5555820233685,
    "avg_loss": -2638.1142500235364,
    "largest_win": 7758.603972429338,
    "largest_loss": -7778.227533528053
}